id_partida,data_utc,data,hora_utc,rodada,status,fase,id_mandante,mandante,id_visitante,visitante,gols_mandante,gols_visitante,resultado,vencedor,saldo_gols_mandante,foi_finalizado
534938,2025-03-29T21:30:00Z,2025-03-29,21:30,1,FINISHED,REGULAR_SEASON,1776,São Paulo FC,1778,SC Recife,0.0,0.0,D,Empate,0.0,True
534940,2025-03-29T21:30:00Z,2025-03-29,21:30,1,FINISHED,REGULAR_SEASON,1771,Cruzeiro EC,4364,Mirassol FC,2.0,1.0,H,Mandante,1.0,True
534941,2025-03-29T21:30:00Z,2025-03-29,21:30,1,FINISHED,REGULAR_SEASON,1767,Grêmio FBPA,1766,CA Mineiro,2.0,1.0,H,Mandante,1.0,True
534943,2025-03-29T21:30:00Z,2025-03-29,21:30,1,FINISHED,REGULAR_SEASON,3984,Fortaleza EC,1765,Fluminense FC,2.0,0.0,H,Mandante,2.0,True
534944,2025-03-29T21:30:00Z,2025-03-29,21:30,1,FINISHED,REGULAR_SEASON,4245,EC Juventude,1782,EC Vitória,2.0,0.0,H,Mandante,2.0,True
534935,2025-03-30T00:00:00Z,2025-03-30,00:00,1,FINISHED,REGULAR_SEASON,1783,CR Flamengo,6684,SC Internacional,1.0,1.0,D,Empate,0.0,True
534937,2025-03-30T19:00:00Z,2025-03-30,19:00,1,FINISHED,REGULAR_SEASON,1769,SE Palmeiras,1770,Botafogo FR,0.0,0.0,D,Empate,0.0,True
534936,2025-03-30T21:30:00Z,2025-03-30,21:30,1,FINISHED,REGULAR_SEASON,1780,CR Vasco da Gama,6685,Santos FC,2.0,1.0,H,Mandante,1.0,True
534942,2025-03-30T23:00:00Z,2025-03-30,23:00,1,FINISHED,REGULAR_SEASON,1777,EC Bahia,1779,SC Corinthians Paulista,1.0,1.0,D,Empate,0.0,True
534939,2025-03-31T23:00:00Z,2025-03-31,23:00,1,FINISHED,REGULAR_SEASON,4286,RB Bragantino,1837,Ceará SC,2.0,2.0,D,Empate,0.0,True
534947,2025-04-05T21:30:00Z,2025-04-05,21:30,2,FINISHED,REGULAR_SEASON,1779,SC Corinthians Paulista,1780,CR Vasco da Gama,3.0,0.0,H,Mandante,3.0,True
534953,2025-04-05T21:30:00Z,2025-04-05,21:30,2,FINISHED,REGULAR_SEASON,1837,Ceará SC,1767,Grêmio FBPA,2.0,0.0,H,Mandante,2.0,True
534946,2025-04-06T00:00:00Z,2025-04-06,00:00,2,FINISHED,REGULAR_SEASON,1770,Botafogo FR,4245,EC Juventude,2.0,0.0,H,Mandante,2.0,True
534945,2025-04-06T19:00:00Z,2025-04-06,19:00,2,FINISHED,REGULAR_SEASON,1765,Fluminense FC,4286,RB Bragantino,2.0,1.0,H,Mandante,1.0,True
534950,2025-04-06T19:00:00Z,2025-04-06,19:00,2,FINISHED,REGULAR_SEASON,1766,CA Mineiro,1776,São Paulo FC,0.0,0.0,D,Empate,0.0,True
534949,2025-04-06T21:30:00Z,2025-04-06,21:30,2,FINISHED,REGULAR_SEASON,4364,Mirassol FC,3984,Fortaleza EC,1.0,1.0,D,Empate,0.0,True
534951,2025-04-06T21:30:00Z,2025-04-06,21:30,2,FINISHED,REGULAR_SEASON,6684,SC Internacional,1771,Cruzeiro EC,3.0,0.0,H,Mandante,3.0,True
534952,2025-04-06T21:30:00Z,2025-04-06,21:30,2,FINISHED,REGULAR_SEASON,1782,EC Vitória,1783,CR Flamengo,1.0,2.0,A,Visitante,-1.0,True
534954,2025-04-06T21:30:00Z,2025-04-06,21:30,2,FINISHED,REGULAR_SEASON,1778,SC Recife,1769,SE Palmeiras,1.0,2.0,A,Visitante,-1.0,True
534948,2025-04-06T23:30:00Z,2025-04-06,23:30,2,FINISHED,REGULAR_SEASON,6685,Santos FC,1777,EC Bahia,2.0,2.0,D,Empate,0.0,True
534959,2025-04-12T19:00:00Z,2025-04-12,19:00,3,FINISHED,REGULAR_SEASON,4286,RB Bragantino,1770,Botafogo FR,1.0,0.0,H,Mandante,1.0,True
534964,2025-04-12T19:00:00Z,2025-04-12,19:00,3,FINISHED,REGULAR_SEASON,4245,EC Juventude,1837,Ceará SC,2.0,1.0,H,Mandante,1.0,True
534957,2025-04-12T21:30:00Z,2025-04-12,21:30,3,FINISHED,REGULAR_SEASON,1769,SE Palmeiras,1779,SC Corinthians Paulista,2.0,0.0,H,Mandante,2.0,True
534956,2025-04-13T00:00:00Z,2025-04-13,00:00,3,FINISHED,REGULAR_SEASON,1780,CR Vasco da Gama,1778,SC Recife,3.0,1.0,H,Mandante,2.0,True
534962,2025-04-13T19:00:00Z,2025-04-13,19:00,3,FINISHED,REGULAR_SEASON,1777,EC Bahia,4364,Mirassol FC,1.0,1.0,D,Empate,0.0,True
534958,2025-04-13T20:30:00Z,2025-04-13,20:30,3,FINISHED,REGULAR_SEASON,1776,São Paulo FC,1771,Cruzeiro EC,1.0,1.0,D,Empate,0.0,True
534961,2025-04-13T20:30:00Z,2025-04-13,20:30,3,FINISHED,REGULAR_SEASON,1767,Grêmio FBPA,1783,CR Flamengo,0.0,2.0,A,Visitante,-2.0,True
534955,2025-04-13T22:30:00Z,2025-04-13,22:30,3,FINISHED,REGULAR_SEASON,1765,Fluminense FC,6685,Santos FC,1.0,0.0,H,Mandante,1.0,True
534963,2025-04-13T23:00:00Z,2025-04-13,23:00,3,FINISHED,REGULAR_SEASON,3984,Fortaleza EC,6684,SC Internacional,0.0,0.0,D,Empate,0.0,True
534960,2025-04-13T23:30:00Z,2025-04-13,23:30,3,FINISHED,REGULAR_SEASON,1766,CA Mineiro,1782,EC Vitória,2.0,2.0,D,Empate,0.0,True
534973,2025-04-16T00:30:00Z,2025-04-16,00:30,4,FINISHED,REGULAR_SEASON,1837,Ceará SC,1780,CR Vasco da Gama,2.0,1.0,H,Mandante,1.0,True
534966,2025-04-16T21:30:00Z,2025-04-16,21:30,4,FINISHED,REGULAR_SEASON,1770,Botafogo FR,1776,São Paulo FC,2.0,2.0,D,Empate,0.0,True
534969,2025-04-16T22:00:00Z,2025-04-16,22:00,4,FINISHED,REGULAR_SEASON,4364,Mirassol FC,1767,Grêmio FBPA,4.0,1.0,H,Mandante,3.0,True
534974,2025-04-16T22:00:00Z,2025-04-16,22:00,4,FINISHED,REGULAR_SEASON,1778,SC Recife,4286,RB Bragantino,0.0,1.0,A,Visitante,-1.0,True
534967,2025-04-16T22:30:00Z,2025-04-16,22:30,4,FINISHED,REGULAR_SEASON,1779,SC Corinthians Paulista,1765,Fluminense FC,0.0,2.0,A,Visitante,-2.0,True
534971,2025-04-16T22:30:00Z,2025-04-16,22:30,4,FINISHED,REGULAR_SEASON,6684,SC Internacional,1769,SE Palmeiras,0.0,1.0,A,Visitante,-1.0,True
534965,2025-04-17T00:30:00Z,2025-04-17,00:30,4,FINISHED,REGULAR_SEASON,1783,CR Flamengo,4245,EC Juventude,6.0,0.0,H,Mandante,6.0,True
534968,2025-04-17T00:30:00Z,2025-04-17,00:30,4,FINISHED,REGULAR_SEASON,6685,Santos FC,1766,CA Mineiro,2.0,0.0,H,Mandante,2.0,True
534972,2025-04-17T00:30:00Z,2025-04-17,00:30,4,FINISHED,REGULAR_SEASON,1782,EC Vitória,3984,Fortaleza EC,2.0,1.0,H,Mandante,1.0,True
534970,2025-04-18T00:30:00Z,2025-04-18,00:30,4,FINISHED,REGULAR_SEASON,1771,Cruzeiro EC,1777,EC Bahia,3.0,0.0,H,Mandante,3.0,True
534977,2025-04-19T19:00:00Z,2025-04-19,19:00,5,FINISHED,REGULAR_SEASON,1779,SC Corinthians Paulista,1778,SC Recife,2.0,1.0,H,Mandante,1.0,True
534976,2025-04-19T21:30:00Z,2025-04-19,21:30,5,FINISHED,REGULAR_SEASON,1780,CR Vasco da Gama,1783,CR Flamengo,0.0,0.0,D,Empate,0.0,True
534981,2025-04-20T00:00:00Z,2025-04-20,00:00,5,FINISHED,REGULAR_SEASON,1767,Grêmio FBPA,6684,SC Internacional,1.0,1.0,D,Empate,0.0,True
534984,2025-04-20T14:00:00Z,2025-04-20,14:00,5,FINISHED,REGULAR_SEASON,4245,EC Juventude,4364,Mirassol FC,2.0,2.0,D,Empate,0.0,True
534978,2025-04-20T19:00:00Z,2025-04-20,19:00,5,FINISHED,REGULAR_SEASON,1776,São Paulo FC,6685,Santos FC,2.0,1.0,H,Mandante,1.0,True
534980,2025-04-20T19:00:00Z,2025-04-20,19:00,5,FINISHED,REGULAR_SEASON,1766,CA Mineiro,1770,Botafogo FR,1.0,0.0,H,Mandante,1.0,True
534975,2025-04-20T21:30:00Z,2025-04-20,21:30,5,FINISHED,REGULAR_SEASON,1765,Fluminense FC,1782,EC Vitória,1.0,1.0,D,Empate,0.0,True
534983,2025-04-20T21:30:00Z,2025-04-20,21:30,5,FINISHED,REGULAR_SEASON,3984,Fortaleza EC,1769,SE Palmeiras,1.0,2.0,A,Visitante,-1.0,True
534979,2025-04-20T23:30:00Z,2025-04-20,23:30,5,FINISHED,REGULAR_SEASON,4286,RB Bragantino,1771,Cruzeiro EC,1.0,0.0,H,Mandante,1.0,True
534982,2025-04-21T23:00:00Z,2025-04-21,23:00,5,FINISHED,REGULAR_SEASON,1777,EC Bahia,1837,Ceará SC,1.0,0.0,H,Mandante,1.0,True
534991,2025-04-26T19:00:00Z,2025-04-26,19:00,6,FINISHED,REGULAR_SEASON,6684,SC Internacional,4245,EC Juventude,3.0,1.0,H,Mandante,2.0,True
534989,2025-04-26T21:30:00Z,2025-04-26,21:30,6,FINISHED,REGULAR_SEASON,4364,Mirassol FC,1766,CA Mineiro,2.0,2.0,D,Empate,0.0,True
534993,2025-04-26T21:30:00Z,2025-04-26,21:30,6,FINISHED,REGULAR_SEASON,1837,Ceará SC,1776,São Paulo FC,1.0,1.0,D,Empate,0.0,True
534994,2025-04-26T23:00:00Z,2025-04-26,23:00,6,FINISHED,REGULAR_SEASON,1778,SC Recife,3984,Fortaleza EC,0.0,0.0,D,Empate,0.0,True
534986,2025-04-27T00:00:00Z,2025-04-27,00:00,6,FINISHED,REGULAR_SEASON,1770,Botafogo FR,1765,Fluminense FC,2.0,0.0,H,Mandante,2.0,True
534985,2025-04-27T19:00:00Z,2025-04-27,19:00,6,FINISHED,REGULAR_SEASON,1783,CR Flamengo,1779,SC Corinthians Paulista,4.0,0.0,H,Mandante,4.0,True
534987,2025-04-27T21:30:00Z,2025-04-27,21:30,6,FINISHED,REGULAR_SEASON,1769,SE Palmeiras,1777,EC Bahia,0.0,1.0,A,Visitante,-1.0,True
534990,2025-04-27T21:30:00Z,2025-04-27,21:30,6,FINISHED,REGULAR_SEASON,1771,Cruzeiro EC,1780,CR Vasco da Gama,1.0,0.0,H,Mandante,1.0,True
534992,2025-04-27T21:30:00Z,2025-04-27,21:30,6,FINISHED,REGULAR_SEASON,1782,EC Vitória,1767,Grêmio FBPA,1.0,1.0,D,Empate,0.0,True
534988,2025-04-27T23:30:00Z,2025-04-27,23:30,6,FINISHED,REGULAR_SEASON,6685,Santos FC,4286,RB Bragantino,1.0,2.0,A,Visitante,-1.0,True
534998,2025-05-03T00:30:00Z,2025-05-03,00:30,7,FINISHED,REGULAR_SEASON,1776,São Paulo FC,3984,Fortaleza EC,0.0,0.0,D,Empate,0.0,True
534995,2025-05-03T21:30:00Z,2025-05-03,21:30,7,FINISHED,REGULAR_SEASON,1765,Fluminense FC,1778,SC Recife,2.0,1.0,H,Mandante,1.0,True
534997,2025-05-03T21:30:00Z,2025-05-03,21:30,7,FINISHED,REGULAR_SEASON,1779,SC Corinthians Paulista,6684,SC Internacional,4.0,2.0,H,Mandante,2.0,True
535003,2025-05-03T21:30:00Z,2025-05-03,21:30,7,FINISHED,REGULAR_SEASON,1837,Ceará SC,1782,EC Vitória,1.0,0.0,H,Mandante,1.0,True
535002,2025-05-04T00:00:00Z,2025-05-04,00:00,7,FINISHED,REGULAR_SEASON,1777,EC Bahia,1770,Botafogo FR,1.0,0.0,H,Mandante,1.0,True
534996,2025-05-04T19:00:00Z,2025-05-04,19:00,7,FINISHED,REGULAR_SEASON,1780,CR Vasco da Gama,1769,SE Palmeiras,0.0,1.0,A,Visitante,-1.0,True
535001,2025-05-04T19:00:00Z,2025-05-04,19:00,7,FINISHED,REGULAR_SEASON,1767,Grêmio FBPA,6685,Santos FC,1.0,0.0,H,Mandante,1.0,True
535000,2025-05-04T21:30:00Z,2025-05-04,21:30,7,FINISHED,REGULAR_SEASON,1771,Cruzeiro EC,1783,CR Flamengo,2.0,1.0,H,Mandante,1.0,True
534999,2025-05-05T22:00:00Z,2025-05-05,22:00,7,FINISHED,REGULAR_SEASON,4286,RB Bragantino,4364,Mirassol FC,1.0,0.0,H,Mandante,1.0,True
535004,2025-05-05T23:00:00Z,2025-05-05,23:00,7,FINISHED,REGULAR_SEASON,4245,EC Juventude,1766,CA Mineiro,0.0,1.0,A,Visitante,-1.0,True
535013,2025-05-10T19:00:00Z,2025-05-10,19:00,8,FINISHED,REGULAR_SEASON,3984,Fortaleza EC,4245,EC Juventude,5.0,0.0,H,Mandante,5.0,True
535009,2025-05-10T21:30:00Z,2025-05-10,21:30,8,FINISHED,REGULAR_SEASON,4364,Mirassol FC,1779,SC Corinthians Paulista,2.0,1.0,H,Mandante,1.0,True
535011,2025-05-10T21:30:00Z,2025-05-10,21:30,8,FINISHED,REGULAR_SEASON,1767,Grêmio FBPA,4286,RB Bragantino,1.0,1.0,D,Empate,0.0,True
535012,2025-05-10T21:30:00Z,2025-05-10,21:30,8,FINISHED,REGULAR_SEASON,1782,EC Vitória,1780,CR Vasco da Gama,2.0,1.0,H,Mandante,1.0,True
535005,2025-05-11T00:00:00Z,2025-05-11,00:00,8,FINISHED,REGULAR_SEASON,1783,CR Flamengo,1777,EC Bahia,1.0,0.0,H,Mandante,1.0,True
535014,2025-05-11T19:00:00Z,2025-05-11,19:00,8,FINISHED,REGULAR_SEASON,1778,SC Recife,1771,Cruzeiro EC,0.0,4.0,A,Visitante,-4.0,True
535007,2025-05-11T20:30:00Z,2025-05-11,20:30,8,FINISHED,REGULAR_SEASON,1769,SE Palmeiras,1776,São Paulo FC,1.0,0.0,H,Mandante,1.0,True
535010,2025-05-11T20:30:00Z,2025-05-11,20:30,8,FINISHED,REGULAR_SEASON,1766,CA Mineiro,1765,Fluminense FC,3.0,2.0,H,Mandante,1.0,True
535006,2025-05-11T23:00:00Z,2025-05-11,23:00,8,FINISHED,REGULAR_SEASON,1770,Botafogo FR,6684,SC Internacional,4.0,0.0,H,Mandante,4.0,True
535008,2025-05-12T23:00:00Z,2025-05-12,23:00,8,FINISHED,REGULAR_SEASON,6685,Santos FC,1837,Ceará SC,0.0,0.0,D,Empate,0.0,True
535023,2025-05-17T19:00:00Z,2025-05-17,19:00,9,FINISHED,REGULAR_SEASON,1837,Ceará SC,1778,SC Recife,2.0,0.0,H,Mandante,2.0,True
535016,2025-05-17T21:30:00Z,2025-05-17,21:30,9,FINISHED,REGULAR_SEASON,1780,CR Vasco da Gama,3984,Fortaleza EC,3.0,0.0,H,Mandante,3.0,True
535018,2025-05-18T00:00:00Z,2025-05-18,00:00,9,FINISHED,REGULAR_SEASON,1776,São Paulo FC,1767,Grêmio FBPA,2.0,1.0,H,Mandante,1.0,True
535017,2025-05-18T19:00:00Z,2025-05-18,19:00,9,FINISHED,REGULAR_SEASON,1779,SC Corinthians Paulista,6685,Santos FC,1.0,0.0,H,Mandante,1.0,True
535022,2025-05-18T19:00:00Z,2025-05-18,19:00,9,FINISHED,REGULAR_SEASON,1777,EC Bahia,1782,EC Vitória,2.0,1.0,H,Mandante,1.0,True
535024,2025-05-18T19:00:00Z,2025-05-18,19:00,9,FINISHED,REGULAR_SEASON,4245,EC Juventude,1765,Fluminense FC,1.0,1.0,D,Empate,0.0,True
535015,2025-05-18T21:30:00Z,2025-05-18,21:30,9,FINISHED,REGULAR_SEASON,1783,CR Flamengo,1770,Botafogo FR,0.0,0.0,D,Empate,0.0,True
535019,2025-05-18T21:30:00Z,2025-05-18,21:30,9,FINISHED,REGULAR_SEASON,4286,RB Bragantino,1769,SE Palmeiras,1.0,2.0,A,Visitante,-1.0,True
535020,2025-05-18T23:30:00Z,2025-05-18,23:30,9,FINISHED,REGULAR_SEASON,1771,Cruzeiro EC,1766,CA Mineiro,0.0,0.0,D,Empate,0.0,True
535021,2025-05-18T23:30:00Z,2025-05-18,23:30,9,FINISHED,REGULAR_SEASON,6684,SC Internacional,4364,Mirassol FC,1.0,1.0,D,Empate,0.0,True
535025,2025-05-24T21:30:00Z,2025-05-24,21:30,10,FINISHED,REGULAR_SEASON,1765,Fluminense FC,1780,CR Vasco da Gama,2.0,1.0,H,Mandante,1.0,True
535028,2025-05-24T21:30:00Z,2025-05-24,21:30,10,FINISHED,REGULAR_SEASON,1776,São Paulo FC,4364,Mirassol FC,0.0,2.0,A,Visitante,-2.0,True
535030,2025-05-25T00:00:00Z,2025-05-25,00:00,10,FINISHED,REGULAR_SEASON,1766,CA Mineiro,1779,SC Corinthians Paulista,0.0,0.0,D,Empate,0.0,True
535031,2025-05-25T14:00:00Z,2025-05-25,14:00,10,FINISHED,REGULAR_SEASON,1767,Grêmio FBPA,1777,EC Bahia,1.0,0.0,H,Mandante,1.0,True
535027,2025-05-25T19:00:00Z,2025-05-25,19:00,10,FINISHED,REGULAR_SEASON,1769,SE Palmeiras,1783,CR Flamengo,0.0,2.0,A,Visitante,-2.0,True
535034,2025-05-25T19:00:00Z,2025-05-25,19:00,10,FINISHED,REGULAR_SEASON,1778,SC Recife,6684,SC Internacional,1.0,1.0,D,Empate,0.0,True
535032,2025-05-25T21:30:00Z,2025-05-25,21:30,10,FINISHED,REGULAR_SEASON,1782,EC Vitória,6685,Santos FC,0.0,1.0,A,Visitante,-1.0,True
535033,2025-05-25T23:30:00Z,2025-05-25,23:30,10,FINISHED,REGULAR_SEASON,3984,Fortaleza EC,1771,Cruzeiro EC,0.0,2.0,A,Visitante,-2.0,True
535029,2025-05-26T23:00:00Z,2025-05-26,23:00,10,FINISHED,REGULAR_SEASON,4286,RB Bragantino,4245,EC Juventude,1.0,0.0,H,Mandante,1.0,True
535042,2025-05-31T21:30:00Z,2025-05-31,21:30,11,FINISHED,REGULAR_SEASON,1777,EC Bahia,1776,São Paulo FC,2.0,1.0,H,Mandante,1.0,True
535036,2025-06-01T00:00:00Z,2025-06-01,00:00,11,FINISHED,REGULAR_SEASON,1780,CR Vasco da Gama,4286,RB Bragantino,0.0,2.0,A,Visitante,-2.0,True
535039,2025-06-01T14:00:00Z,2025-06-01,14:00,11,FINISHED,REGULAR_SEASON,4364,Mirassol FC,1778,SC Recife,1.0,0.0,H,Mandante,1.0,True
535038,2025-06-01T19:00:00Z,2025-06-01,19:00,11,FINISHED,REGULAR_SEASON,6685,Santos FC,1770,Botafogo FR,0.0,1.0,A,Visitante,-1.0,True
535044,2025-06-01T19:00:00Z,2025-06-01,19:00,11,FINISHED,REGULAR_SEASON,4245,EC Juventude,1767,Grêmio FBPA,0.0,2.0,A,Visitante,-2.0,True
535035,2025-06-01T21:30:00Z,2025-06-01,21:30,11,FINISHED,REGULAR_SEASON,1783,CR Flamengo,3984,Fortaleza EC,5.0,0.0,H,Mandante,5.0,True
535037,2025-06-01T21:30:00Z,2025-06-01,21:30,11,FINISHED,REGULAR_SEASON,1779,SC Corinthians Paulista,1782,EC Vitória,0.0,0.0,D,Empate,0.0,True
535043,2025-06-01T21:30:00Z,2025-06-01,21:30,11,FINISHED,REGULAR_SEASON,1837,Ceará SC,1766,CA Mineiro,0.0,1.0,A,Visitante,-1.0,True
535040,2025-06-01T22:30:00Z,2025-06-01,22:30,11,FINISHED,REGULAR_SEASON,1771,Cruzeiro EC,1769,SE Palmeiras,2.0,1.0,H,Mandante,1.0,True
535041,2025-06-01T23:30:00Z,2025-06-01,23:30,11,FINISHED,REGULAR_SEASON,6684,SC Internacional,1765,Fluminense FC,0.0,2.0,A,Visitante,-2.0,True
535026,2025-06-04T23:00:00Z,2025-06-04,23:00,10,FINISHED,REGULAR_SEASON,1770,Botafogo FR,1837,Ceará SC,3.0,2.0,H,Mandante,1.0,True
535045,2025-06-11T00:00:00Z,2025-06-11,00:00,12,POSTPONED,REGULAR_SEASON,1765,Fluminense FC,1837,Ceará SC,,,,Indefinido,,False
535047,2025-06-11T00:00:00Z,2025-06-11,00:00,12,POSTPONED,REGULAR_SEASON,1769,SE Palmeiras,4245,EC Juventude,,,,Indefinido,,False
535054,2025-06-11T00:00:00Z,2025-06-11,00:00,12,POSTPONED,REGULAR_SEASON,1778,SC Recife,1783,CR Flamengo,,,,Indefinido,,False
535049,2025-06-12T22:00:00Z,2025-06-12,22:00,12,FINISHED,REGULAR_SEASON,4286,RB Bragantino,1777,EC Bahia,0.0,3.0,A,Visitante,-3.0,True
535052,2025-06-12T22:00:00Z,2025-06-12,22:00,12,FINISHED,REGULAR_SEASON,1782,EC Vitória,1771,Cruzeiro EC,0.0,0.0,D,Empate,0.0,True
535053,2025-06-12T22:30:00Z,2025-06-12,22:30,12,FINISHED,REGULAR_SEASON,3984,Fortaleza EC,6685,Santos FC,2.0,3.0,A,Visitante,-1.0,True
535051,2025-06-12T23:00:00Z,2025-06-12,23:00,12,FINISHED,REGULAR_SEASON,1767,Grêmio FBPA,1779,SC Corinthians Paulista,1.0,1.0,D,Empate,0.0,True
535048,2025-06-13T00:30:00Z,2025-06-13,00:30,12,FINISHED,REGULAR_SEASON,1776,São Paulo FC,1780,CR Vasco da Gama,1.0,3.0,A,Visitante,-2.0,True
535050,2025-06-13T00:30:00Z,2025-06-13,00:30,12,FINISHED,REGULAR_SEASON,1766,CA Mineiro,6684,SC Internacional,2.0,0.0,H,Mandante,2.0,True
535055,2025-07-12T19:30:00Z,2025-07-12,19:30,13,FINISHED,REGULAR_SEASON,1783,CR Flamengo,1776,São Paulo FC,2.0,0.0,H,Mandante,2.0,True
535061,2025-07-12T19:30:00Z,2025-07-12,19:30,13,FINISHED,REGULAR_SEASON,6684,SC Internacional,1782,EC Vitória,1.0,0.0,H,Mandante,1.0,True
535056,2025-07-12T21:30:00Z,2025-07-12,21:30,13,FINISHED,REGULAR_SEASON,1780,CR Vasco da Gama,1770,Botafogo FR,0.0,2.0,A,Visitante,-2.0,True
535058,2025-07-13T00:00:00Z,2025-07-13,00:00,13,POSTPONED,REGULAR_SEASON,6685,Santos FC,1769,SE Palmeiras,,,,Indefinido,,False
535059,2025-07-13T00:00:00Z,2025-07-13,00:00,13,POSTPONED,REGULAR_SEASON,4364,Mirassol FC,1765,Fluminense FC,,,,Indefinido,,False
535062,2025-07-13T00:00:00Z,2025-07-13,00:00,13,FINISHED,REGULAR_SEASON,1777,EC Bahia,1766,CA Mineiro,2.0,1.0,H,Mandante,1.0,True
535057,2025-07-13T22:00:00Z,2025-07-13,22:00,13,FINISHED,REGULAR_SEASON,1779,SC Corinthians Paulista,4286,RB Bragantino,1.0,2.0,A,Visitante,-1.0,True
535060,2025-07-13T23:30:00Z,2025-07-13,23:30,13,FINISHED,REGULAR_SEASON,1771,Cruzeiro EC,1767,Grêmio FBPA,4.0,1.0,H,Mandante,3.0,True
535063,2025-07-13T23:30:00Z,2025-07-13,23:30,13,FINISHED,REGULAR_SEASON,3984,Fortaleza EC,1837,Ceará SC,0.0,1.0,A,Visitante,-1.0,True
535064,2025-07-14T23:00:00Z,2025-07-14,23:00,13,FINISHED,REGULAR_SEASON,4245,EC Juventude,1778,SC Recife,2.0,0.0,H,Mandante,2.0,True
535070,2025-07-16T00:00:00Z,2025-07-16,00:00,14,POSTPONED,REGULAR_SEASON,1766,CA Mineiro,1778,SC Recife,,,,Indefinido,,False
535072,2025-07-16T00:00:00Z,2025-07-16,00:00,14,POSTPONED,REGULAR_SEASON,1777,EC Bahia,6684,SC Internacional,,,,Indefinido,,False
535067,2025-07-16T22:00:00Z,2025-07-16,22:00,14,FINISHED,REGULAR_SEASON,1769,SE Palmeiras,4364,Mirassol FC,1.0,1.0,D,Empate,0.0,True
535073,2025-07-16T22:30:00Z,2025-07-16,22:30,14,FINISHED,REGULAR_SEASON,1837,Ceará SC,1779,SC Corinthians Paulista,0.0,1.0,A,Visitante,-1.0,True
535068,2025-07-16T23:00:00Z,2025-07-16,23:00,14,FINISHED,REGULAR_SEASON,6685,Santos FC,1783,CR Flamengo,1.0,0.0,H,Mandante,1.0,True
535066,2025-07-17T00:30:00Z,2025-07-17,00:30,14,FINISHED,REGULAR_SEASON,1770,Botafogo FR,1782,EC Vitória,0.0,0.0,D,Empate,0.0,True
535069,2025-07-17T00:30:00Z,2025-07-17,00:30,14,FINISHED,REGULAR_SEASON,4286,RB Bragantino,1776,São Paulo FC,2.0,2.0,D,Empate,0.0,True
535065,2025-07-17T22:30:00Z,2025-07-17,22:30,14,FINISHED,REGULAR_SEASON,1765,Fluminense FC,1771,Cruzeiro EC,0.0,2.0,A,Visitante,-2.0,True
535083,2025-07-19T19:00:00Z,2025-07-19,19:00,15,FINISHED,REGULAR_SEASON,3984,Fortaleza EC,1777,EC Bahia,1.0,1.0,D,Empate,0.0,True
535076,2025-07-19T20:30:00Z,2025-07-19,20:30,15,FINISHED,REGULAR_SEASON,1780,CR Vasco da Gama,1767,Grêmio FBPA,1.0,1.0,D,Empate,0.0,True
535079,2025-07-19T21:30:00Z,2025-07-19,21:30,15,FINISHED,REGULAR_SEASON,4364,Mirassol FC,6685,Santos FC,3.0,0.0,H,Mandante,3.0,True
535078,2025-07-20T00:00:00Z,2025-07-20,00:00,15,FINISHED,REGULAR_SEASON,1776,São Paulo FC,1779,SC Corinthians Paulista,2.0,0.0,H,Mandante,2.0,True
535081,2025-07-20T14:00:00Z,2025-07-20,14:00,15,FINISHED,REGULAR_SEASON,6684,SC Internacional,1837,Ceará SC,1.0,0.0,H,Mandante,1.0,True
535080,2025-07-20T19:00:00Z,2025-07-20,19:00,15,FINISHED,REGULAR_SEASON,1771,Cruzeiro EC,4245,EC Juventude,4.0,0.0,H,Mandante,4.0,True
535082,2025-07-20T19:00:00Z,2025-07-20,19:00,15,FINISHED,REGULAR_SEASON,1782,EC Vitória,4286,RB Bragantino,1.0,0.0,H,Mandante,1.0,True
535077,2025-07-20T20:30:00Z,2025-07-20,20:30,15,FINISHED,REGULAR_SEASON,1769,SE Palmeiras,1766,CA Mineiro,3.0,2.0,H,Mandante,1.0,True
535084,2025-07-20T20:30:00Z,2025-07-20,20:30,15,FINISHED,REGULAR_SEASON,1778,SC Recife,1770,Botafogo FR,0.0,1.0,A,Visitante,-1.0,True
535075,2025-07-20T22:30:00Z,2025-07-20,22:30,15,FINISHED,REGULAR_SEASON,1783,CR Flamengo,1765,Fluminense FC,1.0,0.0,H,Mandante,1.0,True
535090,2025-07-23T00:00:00Z,2025-07-23,00:00,16,POSTPONED,REGULAR_SEASON,1766,CA Mineiro,3984,Fortaleza EC,,,,Indefinido,,False
535085,2025-07-23T22:00:00Z,2025-07-23,22:00,16,FINISHED,REGULAR_SEASON,1765,Fluminense FC,1769,SE Palmeiras,1.0,2.0,A,Visitante,-1.0,True
535093,2025-07-23T22:00:00Z,2025-07-23,22:00,16,FINISHED,REGULAR_SEASON,1837,Ceará SC,4364,Mirassol FC,0.0,2.0,A,Visitante,-2.0,True
535087,2025-07-23T22:30:00Z,2025-07-23,22:30,16,FINISHED,REGULAR_SEASON,1779,SC Corinthians Paulista,1771,Cruzeiro EC,0.0,0.0,D,Empate,0.0,True
535088,2025-07-24T00:30:00Z,2025-07-24,00:30,16,FINISHED,REGULAR_SEASON,6685,Santos FC,6684,SC Internacional,1.0,2.0,A,Visitante,-1.0,True
535089,2025-07-24T00:30:00Z,2025-07-24,00:30,16,FINISHED,REGULAR_SEASON,4286,RB Bragantino,1783,CR Flamengo,1.0,2.0,A,Visitante,-1.0,True
535092,2025-07-24T00:30:00Z,2025-07-24,00:30,16,FINISHED,REGULAR_SEASON,1782,EC Vitória,1778,SC Recife,2.0,2.0,D,Empate,0.0,True
535094,2025-07-24T22:00:00Z,2025-07-24,22:00,16,FINISHED,REGULAR_SEASON,4245,EC Juventude,1776,São Paulo FC,0.0,1.0,A,Visitante,-1.0,True
535096,2025-07-26T21:30:00Z,2025-07-26,21:30,17,FINISHED,REGULAR_SEASON,1770,Botafogo FR,1779,SC Corinthians Paulista,1.0,1.0,D,Empate,0.0,True
535099,2025-07-26T21:30:00Z,2025-07-26,21:30,17,FINISHED,REGULAR_SEASON,4364,Mirassol FC,1782,EC Vitória,1.0,1.0,D,Empate,0.0,True
535103,2025-07-26T21:30:00Z,2025-07-26,21:30,17,FINISHED,REGULAR_SEASON,3984,Fortaleza EC,4286,RB Bragantino,3.0,1.0,H,Mandante,2.0,True
535104,2025-07-26T21:30:00Z,2025-07-26,21:30,17,FINISHED,REGULAR_SEASON,1778,SC Recife,6685,Santos FC,2.0,2.0,D,Empate,0.0,True
535097,2025-07-27T00:00:00Z,2025-07-27,00:00,17,FINISHED,REGULAR_SEASON,1769,SE Palmeiras,1767,Grêmio FBPA,1.0,0.0,H,Mandante,1.0,True
535098,2025-07-27T19:00:00Z,2025-07-27,19:00,17,FINISHED,REGULAR_SEASON,1776,São Paulo FC,1765,Fluminense FC,3.0,1.0,H,Mandante,2.0,True
535100,2025-07-27T19:00:00Z,2025-07-27,19:00,17,FINISHED,REGULAR_SEASON,1771,Cruzeiro EC,1837,Ceará SC,1.0,2.0,A,Visitante,-1.0,True
535101,2025-07-27T21:30:00Z,2025-07-27,21:30,17,FINISHED,REGULAR_SEASON,6684,SC Internacional,1780,CR Vasco da Gama,1.0,1.0,D,Empate,0.0,True
535102,2025-07-27T21:30:00Z,2025-07-27,21:30,17,FINISHED,REGULAR_SEASON,1777,EC Bahia,4245,EC Juventude,3.0,0.0,H,Mandante,3.0,True
535095,2025-07-27T23:30:00Z,2025-07-27,23:30,17,FINISHED,REGULAR_SEASON,1783,CR Flamengo,1766,CA Mineiro,1.0,0.0,H,Mandante,1.0,True
535071,2025-07-29T23:30:00Z,2025-07-29,23:30,14,FINISHED,REGULAR_SEASON,1767,Grêmio FBPA,3984,Fortaleza EC,2.0,1.0,H,Mandante,1.0,True
535114,2025-08-02T19:00:00Z,2025-08-02,19:00,18,FINISHED,REGULAR_SEASON,1778,SC Recife,1777,EC Bahia,0.0,0.0,D,Empate,0.0,True
535109,2025-08-02T21:30:00Z,2025-08-02,21:30,18,FINISHED,REGULAR_SEASON,4364,Mirassol FC,1780,CR Vasco da Gama,3.0,2.0,H,Mandante,1.0,True
535105,2025-08-03T00:00:00Z,2025-08-03,00:00,18,FINISHED,REGULAR_SEASON,1765,Fluminense FC,1767,Grêmio FBPA,1.0,0.0,H,Mandante,1.0,True
535106,2025-08-03T19:00:00Z,2025-08-03,19:00,18,FINISHED,REGULAR_SEASON,1770,Botafogo FR,1771,Cruzeiro EC,0.0,2.0,A,Visitante,-2.0,True
535107,2025-08-03T19:00:00Z,2025-08-03,19:00,18,FINISHED,REGULAR_SEASON,1779,SC Corinthians Paulista,3984,Fortaleza EC,1.0,1.0,D,Empate,0.0,True
535110,2025-08-03T21:30:00Z,2025-08-03,21:30,18,FINISHED,REGULAR_SEASON,1766,CA Mineiro,4286,RB Bragantino,2.0,1.0,H,Mandante,1.0,True
535113,2025-08-03T21:30:00Z,2025-08-03,21:30,18,FINISHED,REGULAR_SEASON,1837,Ceará SC,1783,CR Flamengo,1.0,1.0,D,Empate,0.0,True
535112,2025-08-03T22:30:00Z,2025-08-03,22:30,18,FINISHED,REGULAR_SEASON,1782,EC Vitória,1769,SE Palmeiras,2.0,2.0,D,Empate,0.0,True
535111,2025-08-03T23:30:00Z,2025-08-03,23:30,18,FINISHED,REGULAR_SEASON,6684,SC Internacional,1776,São Paulo FC,1.0,2.0,A,Visitante,-1.0,True
535108,2025-08-04T23:00:00Z,2025-08-04,23:00,18,FINISHED,REGULAR_SEASON,6685,Santos FC,4245,EC Juventude,3.0,1.0,H,Mandante,2.0,True
535115,2025-08-09T21:30:00Z,2025-08-09,21:30,19,FINISHED,REGULAR_SEASON,1783,CR Flamengo,4364,Mirassol FC,2.0,1.0,H,Mandante,1.0,True
535118,2025-08-09T21:30:00Z,2025-08-09,21:30,19,FINISHED,REGULAR_SEASON,1776,São Paulo FC,1782,EC Vitória,2.0,0.0,H,Mandante,2.0,True
535119,2025-08-09T21:30:00Z,2025-08-09,21:30,19,FINISHED,REGULAR_SEASON,4286,RB Bragantino,6684,SC Internacional,1.0,3.0,A,Visitante,-2.0,True
535123,2025-08-09T23:30:00Z,2025-08-09,23:30,19,FINISHED,REGULAR_SEASON,3984,Fortaleza EC,1770,Botafogo FR,0.0,5.0,A,Visitante,-5.0,True
535122,2025-08-10T00:00:00Z,2025-08-10,00:00,19,FINISHED,REGULAR_SEASON,1777,EC Bahia,1765,Fluminense FC,3.0,3.0,D,Empate,0.0,True
535116,2025-08-10T19:00:00Z,2025-08-10,19:00,19,FINISHED,REGULAR_SEASON,1780,CR Vasco da Gama,1766,CA Mineiro,1.0,1.0,D,Empate,0.0,True
535117,2025-08-10T19:00:00Z,2025-08-10,19:00,19,FINISHED,REGULAR_SEASON,1769,SE Palmeiras,1837,Ceará SC,2.0,1.0,H,Mandante,1.0,True
535120,2025-08-10T21:30:00Z,2025-08-10,21:30,19,FINISHED,REGULAR_SEASON,1771,Cruzeiro EC,6685,Santos FC,1.0,2.0,A,Visitante,-1.0,True
535121,2025-08-10T23:30:00Z,2025-08-10,23:30,19,FINISHED,REGULAR_SEASON,1767,Grêmio FBPA,1778,SC Recife,0.0,1.0,A,Visitante,-1.0,True
535124,2025-08-11T23:00:00Z,2025-08-11,23:00,19,FINISHED,REGULAR_SEASON,4245,EC Juventude,1779,SC Corinthians Paulista,2.0,1.0,H,Mandante,1.0,True
535125,2025-08-16T19:00:00Z,2025-08-16,19:00,20,FINISHED,REGULAR_SEASON,1765,Fluminense FC,3984,Fortaleza EC,2.0,1.0,H,Mandante,1.0,True
535133,2025-08-16T19:00:00Z,2025-08-16,19:00,20,FINISHED,REGULAR_SEASON,1837,Ceará SC,4286,RB Bragantino,1.0,0.0,H,Mandante,1.0,True
535132,2025-08-16T21:30:00Z,2025-08-16,21:30,20,FINISHED,REGULAR_SEASON,1782,EC Vitória,4245,EC Juventude,2.0,2.0,D,Empate,0.0,True
535134,2025-08-16T21:30:00Z,2025-08-16,21:30,20,FINISHED,REGULAR_SEASON,1778,SC Recife,1776,São Paulo FC,2.0,2.0,D,Empate,0.0,True
535127,2025-08-17T00:00:00Z,2025-08-17,00:00,20,FINISHED,REGULAR_SEASON,1779,SC Corinthians Paulista,1777,EC Bahia,1.0,2.0,A,Visitante,-1.0,True
535128,2025-08-17T19:00:00Z,2025-08-17,19:00,20,FINISHED,REGULAR_SEASON,6685,Santos FC,1780,CR Vasco da Gama,0.0,6.0,A,Visitante,-6.0,True
535130,2025-08-17T19:00:00Z,2025-08-17,19:00,20,FINISHED,REGULAR_SEASON,1766,CA Mineiro,1767,Grêmio FBPA,1.0,3.0,A,Visitante,-2.0,True
535131,2025-08-17T21:30:00Z,2025-08-17,21:30,20,FINISHED,REGULAR_SEASON,6684,SC Internacional,1783,CR Flamengo,1.0,3.0,A,Visitante,-2.0,True
535126,2025-08-17T23:30:00Z,2025-08-17,23:30,20,FINISHED,REGULAR_SEASON,1770,Botafogo FR,1769,SE Palmeiras,0.0,1.0,A,Visitante,-1.0,True
535129,2025-08-18T23:00:00Z,2025-08-18,23:00,20,FINISHED,REGULAR_SEASON,4364,Mirassol FC,1771,Cruzeiro EC,1.0,1.0,D,Empate,0.0,True
535074,2025-08-20T22:00:00Z,2025-08-20,22:00,14,FINISHED,REGULAR_SEASON,4245,EC Juventude,1780,CR Vasco da Gama,2.0,0.0,H,Mandante,2.0,True
535139,2025-08-23T19:00:00Z,2025-08-23,19:00,21,FINISHED,REGULAR_SEASON,4286,RB Bragantino,1765,Fluminense FC,4.0,2.0,H,Mandante,2.0,True
535140,2025-08-23T21:30:00Z,2025-08-23,21:30,21,FINISHED,REGULAR_SEASON,1771,Cruzeiro EC,6684,SC Internacional,2.0,1.0,H,Mandante,1.0,True
535141,2025-08-24T00:00:00Z,2025-08-24,00:00,21,FINISHED,REGULAR_SEASON,1767,Grêmio FBPA,1837,Ceará SC,0.0,0.0,D,Empate,0.0,True
535136,2025-08-24T19:00:00Z,2025-08-24,19:00,21,FINISHED,REGULAR_SEASON,1780,CR Vasco da Gama,1779,SC Corinthians Paulista,2.0,3.0,A,Visitante,-1.0,True
535142,2025-08-24T19:00:00Z,2025-08-24,19:00,21,FINISHED,REGULAR_SEASON,1777,EC Bahia,6685,Santos FC,2.0,0.0,H,Mandante,2.0,True
535143,2025-08-24T21:30:00Z,2025-08-24,21:30,21,FINISHED,REGULAR_SEASON,3984,Fortaleza EC,4364,Mirassol FC,0.0,1.0,A,Visitante,-1.0,True
535144,2025-08-24T21:30:00Z,2025-08-24,21:30,21,FINISHED,REGULAR_SEASON,4245,EC Juventude,1770,Botafogo FR,1.0,3.0,A,Visitante,-2.0,True
535138,2025-08-24T23:30:00Z,2025-08-24,23:30,21,FINISHED,REGULAR_SEASON,1776,São Paulo FC,1766,CA Mineiro,2.0,0.0,H,Mandante,2.0,True
535137,2025-08-25T22:00:00Z,2025-08-25,22:00,21,FINISHED,REGULAR_SEASON,1769,SE Palmeiras,1778,SC Recife,3.0,0.0,H,Mandante,3.0,True
535135,2025-08-26T00:00:00Z,2025-08-26,00:00,21,FINISHED,REGULAR_SEASON,1783,CR Flamengo,1782,EC Vitória,8.0,0.0,H,Mandante,8.0,True
535153,2025-08-30T19:00:00Z,2025-08-30,19:00,22,FINISHED,REGULAR_SEASON,1837,Ceará SC,4245,EC Juventude,0.0,1.0,A,Visitante,-1.0,True
535146,2025-08-30T21:30:00Z,2025-08-30,21:30,22,FINISHED,REGULAR_SEASON,1770,Botafogo FR,4286,RB Bragantino,4.0,1.0,H,Mandante,3.0,True
535150,2025-08-31T00:00:00Z,2025-08-31,00:00,22,FINISHED,REGULAR_SEASON,1771,Cruzeiro EC,1776,São Paulo FC,1.0,0.0,H,Mandante,1.0,True
535145,2025-08-31T19:00:00Z,2025-08-31,19:00,22,FINISHED,REGULAR_SEASON,1783,CR Flamengo,1767,Grêmio FBPA,1.0,1.0,D,Empate,0.0,True
535148,2025-08-31T19:00:00Z,2025-08-31,19:00,22,FINISHED,REGULAR_SEASON,6685,Santos FC,1765,Fluminense FC,0.0,0.0,D,Empate,0.0,True
535147,2025-08-31T21:30:00Z,2025-08-31,21:30,22,FINISHED,REGULAR_SEASON,1779,SC Corinthians Paulista,1769,SE Palmeiras,1.0,1.0,D,Empate,0.0,True
535149,2025-08-31T21:30:00Z,2025-08-31,21:30,22,FINISHED,REGULAR_SEASON,4364,Mirassol FC,1777,EC Bahia,5.0,1.0,H,Mandante,4.0,True
535152,2025-08-31T21:30:00Z,2025-08-31,21:30,22,FINISHED,REGULAR_SEASON,1782,EC Vitória,1766,CA Mineiro,1.0,0.0,H,Mandante,1.0,True
535151,2025-08-31T23:30:00Z,2025-08-31,23:30,22,FINISHED,REGULAR_SEASON,6684,SC Internacional,3984,Fortaleza EC,2.0,1.0,H,Mandante,1.0,True
535154,2025-08-31T23:30:00Z,2025-08-31,23:30,22,FINISHED,REGULAR_SEASON,1778,SC Recife,1780,CR Vasco da Gama,2.0,3.0,A,Visitante,-1.0,True
535161,2025-09-13T19:00:00Z,2025-09-13,19:00,23,TIMED,REGULAR_SEASON,1767,Grêmio FBPA,4364,Mirassol FC,,,,Indefinido,,False
535163,2025-09-13T19:00:00Z,2025-09-13,19:00,23,TIMED,REGULAR_SEASON,3984,Fortaleza EC,1782,EC Vitória,,,,Indefinido,,False
535157,2025-09-13T21:30:00Z,2025-09-13,21:30,23,TIMED,REGULAR_SEASON,1769,SE Palmeiras,6684,SC Internacional,,,,Indefinido,,False
535155,2025-09-14T00:00:00Z,2025-09-14,00:00,23,TIMED,REGULAR_SEASON,1765,Fluminense FC,1779,SC Corinthians Paulista,,,,Indefinido,,False
535159,2025-09-14T14:00:00Z,2025-09-14,14:00,23,TIMED,REGULAR_SEASON,4286,RB Bragantino,1778,SC Recife,,,,Indefinido,,False
535160,2025-09-14T19:00:00Z,2025-09-14,19:00,23,TIMED,REGULAR_SEASON,1766,CA Mineiro,6685,Santos FC,,,,Indefinido,,False
535164,2025-09-14T19:00:00Z,2025-09-14,19:00,23,TIMED,REGULAR_SEASON,4245,EC Juventude,1783,CR Flamengo,,,,Indefinido,,False
535158,2025-09-14T20:30:00Z,2025-09-14,20:30,23,TIMED,REGULAR_SEASON,1776,São Paulo FC,1770,Botafogo FR,,,,Indefinido,,False
535156,2025-09-14T23:30:00Z,2025-09-14,23:30,23,TIMED,REGULAR_SEASON,1780,CR Vasco da Gama,1837,Ceará SC,,,,Indefinido,,False
535162,2025-09-15T23:00:00Z,2025-09-15,23:00,23,TIMED,REGULAR_SEASON,1777,EC Bahia,1771,Cruzeiro EC,,,,Indefinido,,False
535046,2025-09-17T22:30:00Z,2025-09-17,22:30,12,TIMED,REGULAR_SEASON,1770,Botafogo FR,4364,Mirassol FC,,,,Indefinido,,False
535172,2025-09-20T19:00:00Z,2025-09-20,19:00,24,TIMED,REGULAR_SEASON,1782,EC Vitória,1765,Fluminense FC,,,,Indefinido,,False
535166,2025-09-20T21:30:00Z,2025-09-20,21:30,24,TIMED,REGULAR_SEASON,1770,Botafogo FR,1766,CA Mineiro,,,,Indefinido,,False
535173,2025-09-20T21:30:00Z,2025-09-20,21:30,24,TIMED,REGULAR_SEASON,1837,Ceará SC,1777,EC Bahia,,,,Indefinido,,False
535167,2025-09-21T00:00:00Z,2025-09-21,00:00,24,TIMED,REGULAR_SEASON,1769,SE Palmeiras,3984,Fortaleza EC,,,,Indefinido,,False
535169,2025-09-21T19:00:00Z,2025-09-21,19:00,24,TIMED,REGULAR_SEASON,4364,Mirassol FC,4245,EC Juventude,,,,Indefinido,,False
535165,2025-09-21T20:30:00Z,2025-09-21,20:30,24,TIMED,REGULAR_SEASON,1783,CR Flamengo,1780,CR Vasco da Gama,,,,Indefinido,,False
535171,2025-09-21T20:30:00Z,2025-09-21,20:30,24,TIMED,REGULAR_SEASON,6684,SC Internacional,1767,Grêmio FBPA,,,,Indefinido,,False
535174,2025-09-21T20:30:00Z,2025-09-21,20:30,24,TIMED,REGULAR_SEASON,1778,SC Recife,1779,SC Corinthians Paulista,,,,Indefinido,,False
535168,2025-09-21T23:30:00Z,2025-09-21,23:30,24,TIMED,REGULAR_SEASON,6685,Santos FC,1776,São Paulo FC,,,,Indefinido,,False
535170,2025-09-21T23:30:00Z,2025-09-21,23:30,24,TIMED,REGULAR_SEASON,1771,Cruzeiro EC,4286,RB Bragantino,,,,Indefinido,,False
535086,2025-09-24T22:30:00Z,2025-09-24,22:30,16,TIMED,REGULAR_SEASON,1780,CR Vasco da Gama,1777,EC Bahia,,,,Indefinido,,False
535091,2025-09-24T22:30:00Z,2025-09-24,22:30,16,TIMED,REGULAR_SEASON,1767,Grêmio FBPA,1770,Botafogo FR,,,,Indefinido,,False
535183,2025-09-27T19:00:00Z,2025-09-27,19:00,25,TIMED,REGULAR_SEASON,3984,Fortaleza EC,1778,SC Recife,,,,Indefinido,,False
535176,2025-09-27T21:30:00Z,2025-09-27,21:30,25,TIMED,REGULAR_SEASON,1780,CR Vasco da Gama,1771,Cruzeiro EC,,,,Indefinido,,False
535184,2025-09-27T21:30:00Z,2025-09-27,21:30,25,TIMED,REGULAR_SEASON,4245,EC Juventude,6684,SC Internacional,,,,Indefinido,,False
535180,2025-09-28T00:00:00Z,2025-09-28,00:00,25,TIMED,REGULAR_SEASON,1766,CA Mineiro,4364,Mirassol FC,,,,Indefinido,,False
535181,2025-09-28T14:00:00Z,2025-09-28,14:00,25,TIMED,REGULAR_SEASON,1767,Grêmio FBPA,1782,EC Vitória,,,,Indefinido,,False
535175,2025-09-28T19:00:00Z,2025-09-28,19:00,25,TIMED,REGULAR_SEASON,1765,Fluminense FC,1770,Botafogo FR,,,,Indefinido,,False
535182,2025-09-28T19:00:00Z,2025-09-28,19:00,25,TIMED,REGULAR_SEASON,1777,EC Bahia,1769,SE Palmeiras,,,,Indefinido,,False
535179,2025-09-28T21:30:00Z,2025-09-28,21:30,25,TIMED,REGULAR_SEASON,4286,RB Bragantino,6685,Santos FC,,,,Indefinido,,False
535177,2025-09-28T23:30:00Z,2025-09-28,23:30,25,TIMED,REGULAR_SEASON,1779,SC Corinthians Paulista,1783,CR Flamengo,,,,Indefinido,,False
535178,2025-09-29T23:00:00Z,2025-09-29,23:00,25,TIMED,REGULAR_SEASON,1776,São Paulo FC,1837,Ceará SC,,,,Indefinido,,False
535190,2025-10-01T00:30:00Z,2025-10-01,00:30,26,TIMED,REGULAR_SEASON,1766,CA Mineiro,4245,EC Juventude,,,,Indefinido,,False
535187,2025-10-01T22:00:00Z,2025-10-01,22:00,26,TIMED,REGULAR_SEASON,1769,SE Palmeiras,1780,CR Vasco da Gama,,,,Indefinido,,False
535189,2025-10-01T22:00:00Z,2025-10-01,22:00,26,TIMED,REGULAR_SEASON,4364,Mirassol FC,4286,RB Bragantino,,,,Indefinido,,False
535194,2025-10-01T22:00:00Z,2025-10-01,22:00,26,TIMED,REGULAR_SEASON,1778,SC Recife,1765,Fluminense FC,,,,Indefinido,,False
535191,2025-10-01T22:30:00Z,2025-10-01,22:30,26,TIMED,REGULAR_SEASON,6684,SC Internacional,1779,SC Corinthians Paulista,,,,Indefinido,,False
535186,2025-10-02T00:30:00Z,2025-10-02,00:30,26,TIMED,REGULAR_SEASON,1770,Botafogo FR,1777,EC Bahia,,,,Indefinido,,False
535188,2025-10-02T00:30:00Z,2025-10-02,00:30,26,TIMED,REGULAR_SEASON,6685,Santos FC,1767,Grêmio FBPA,,,,Indefinido,,False
535192,2025-10-02T22:00:00Z,2025-10-02,22:00,26,TIMED,REGULAR_SEASON,1782,EC Vitória,1837,Ceará SC,,,,Indefinido,,False
535193,2025-10-02T22:30:00Z,2025-10-02,22:30,26,TIMED,REGULAR_SEASON,3984,Fortaleza EC,1776,São Paulo FC,,,,Indefinido,,False
535185,2025-10-02T23:30:00Z,2025-10-02,23:30,26,TIMED,REGULAR_SEASON,1783,CR Flamengo,1771,Cruzeiro EC,,,,Indefinido,,False
535195,2025-10-04T21:30:00Z,2025-10-04,21:30,27,TIMED,REGULAR_SEASON,1765,Fluminense FC,1766,CA Mineiro,,,,Indefinido,,False
535199,2025-10-04T21:30:00Z,2025-10-04,21:30,27,TIMED,REGULAR_SEASON,4286,RB Bragantino,1767,Grêmio FBPA,,,,Indefinido,,False
535201,2025-10-04T21:30:00Z,2025-10-04,21:30,27,TIMED,REGULAR_SEASON,6684,SC Internacional,1770,Botafogo FR,,,,Indefinido,,False
535197,2025-10-05T00:00:00Z,2025-10-05,00:00,27,TIMED,REGULAR_SEASON,1779,SC Corinthians Paulista,4364,Mirassol FC,,,,Indefinido,,False
535196,2025-10-05T19:00:00Z,2025-10-05,19:00,27,TIMED,REGULAR_SEASON,1780,CR Vasco da Gama,1782,EC Vitória,,,,Indefinido,,False
535198,2025-10-05T19:00:00Z,2025-10-05,19:00,27,TIMED,REGULAR_SEASON,1776,São Paulo FC,1769,SE Palmeiras,,,,Indefinido,,False
535202,2025-10-05T21:30:00Z,2025-10-05,21:30,27,TIMED,REGULAR_SEASON,1777,EC Bahia,1783,CR Flamengo,,,,Indefinido,,False
535204,2025-10-05T21:30:00Z,2025-10-05,21:30,27,TIMED,REGULAR_SEASON,4245,EC Juventude,3984,Fortaleza EC,,,,Indefinido,,False
535200,2025-10-05T23:30:00Z,2025-10-05,23:30,27,TIMED,REGULAR_SEASON,1771,Cruzeiro EC,1778,SC Recife,,,,Indefinido,,False
535203,2025-10-05T23:30:00Z,2025-10-05,23:30,27,TIMED,REGULAR_SEASON,1837,Ceará SC,6685,Santos FC,,,,Indefinido,,False
535205,2025-10-25T00:00:00Z,2025-10-25,00:00,28,SCHEDULED,REGULAR_SEASON,1765,Fluminense FC,4245,EC Juventude,,,,Indefinido,,False
535206,2025-10-25T00:00:00Z,2025-10-25,00:00,28,SCHEDULED,REGULAR_SEASON,1770,Botafogo FR,1783,CR Flamengo,,,,Indefinido,,False
535207,2025-10-25T00:00:00Z,2025-10-25,00:00,28,SCHEDULED,REGULAR_SEASON,1769,SE Palmeiras,4286,RB Bragantino,,,,Indefinido,,False
535208,2025-10-25T00:00:00Z,2025-10-25,00:00,28,SCHEDULED,REGULAR_SEASON,6685,Santos FC,1779,SC Corinthians Paulista,,,,Indefinido,,False
535209,2025-10-25T00:00:00Z,2025-10-25,00:00,28,SCHEDULED,REGULAR_SEASON,4364,Mirassol FC,6684,SC Internacional,,,,Indefinido,,False
535210,2025-10-25T00:00:00Z,2025-10-25,00:00,28,SCHEDULED,REGULAR_SEASON,1766,CA Mineiro,1771,Cruzeiro EC,,,,Indefinido,,False
535211,2025-10-25T00:00:00Z,2025-10-25,00:00,28,SCHEDULED,REGULAR_SEASON,1767,Grêmio FBPA,1776,São Paulo FC,,,,Indefinido,,False
535212,2025-10-25T00:00:00Z,2025-10-25,00:00,28,SCHEDULED,REGULAR_SEASON,1782,EC Vitória,1777,EC Bahia,,,,Indefinido,,False
535213,2025-10-25T00:00:00Z,2025-10-25,00:00,28,SCHEDULED,REGULAR_SEASON,3984,Fortaleza EC,1780,CR Vasco da Gama,,,,Indefinido,,False
535214,2025-10-25T00:00:00Z,2025-10-25,00:00,28,SCHEDULED,REGULAR_SEASON,1778,SC Recife,1837,Ceará SC,,,,Indefinido,,False
535215,2025-11-05T00:00:00Z,2025-11-05,00:00,29,SCHEDULED,REGULAR_SEASON,1783,CR Flamengo,1769,SE Palmeiras,,,,Indefinido,,False
535216,2025-11-05T00:00:00Z,2025-11-05,00:00,29,SCHEDULED,REGULAR_SEASON,1780,CR Vasco da Gama,1765,Fluminense FC,,,,Indefinido,,False
535217,2025-11-05T00:00:00Z,2025-11-05,00:00,29,SCHEDULED,REGULAR_SEASON,1779,SC Corinthians Paulista,1766,CA Mineiro,,,,Indefinido,,False
535218,2025-11-05T00:00:00Z,2025-11-05,00:00,29,SCHEDULED,REGULAR_SEASON,6685,Santos FC,1782,EC Vitória,,,,Indefinido,,False
535219,2025-11-05T00:00:00Z,2025-11-05,00:00,29,SCHEDULED,REGULAR_SEASON,4364,Mirassol FC,1776,São Paulo FC,,,,Indefinido,,False
535220,2025-11-05T00:00:00Z,2025-11-05,00:00,29,SCHEDULED,REGULAR_SEASON,1771,Cruzeiro EC,3984,Fortaleza EC,,,,Indefinido,,False
535221,2025-11-05T00:00:00Z,2025-11-05,00:00,29,SCHEDULED,REGULAR_SEASON,6684,SC Internacional,1778,SC Recife,,,,Indefinido,,False
535222,2025-11-05T00:00:00Z,2025-11-05,00:00,29,SCHEDULED,REGULAR_SEASON,1777,EC Bahia,1767,Grêmio FBPA,,,,Indefinido,,False
535223,2025-11-05T00:00:00Z,2025-11-05,00:00,29,SCHEDULED,REGULAR_SEASON,1837,Ceará SC,1770,Botafogo FR,,,,Indefinido,,False
535224,2025-11-05T00:00:00Z,2025-11-05,00:00,29,SCHEDULED,REGULAR_SEASON,4245,EC Juventude,4286,RB Bragantino,,,,Indefinido,,False
535225,2025-11-19T00:00:00Z,2025-11-19,00:00,30,SCHEDULED,REGULAR_SEASON,1765,Fluminense FC,6684,SC Internacional,,,,Indefinido,,False
535226,2025-11-19T00:00:00Z,2025-11-19,00:00,30,SCHEDULED,REGULAR_SEASON,1770,Botafogo FR,6685,Santos FC,,,,Indefinido,,False
535227,2025-11-19T00:00:00Z,2025-11-19,00:00,30,SCHEDULED,REGULAR_SEASON,1769,SE Palmeiras,1771,Cruzeiro EC,,,,Indefinido,,False
535228,2025-11-19T00:00:00Z,2025-11-19,00:00,30,SCHEDULED,REGULAR_SEASON,1776,São Paulo FC,1777,EC Bahia,,,,Indefinido,,False
535229,2025-11-19T00:00:00Z,2025-11-19,00:00,30,SCHEDULED,REGULAR_SEASON,4286,RB Bragantino,1780,CR Vasco da Gama,,,,Indefinido,,False
535230,2025-11-19T00:00:00Z,2025-11-19,00:00,30,SCHEDULED,REGULAR_SEASON,1766,CA Mineiro,1837,Ceará SC,,,,Indefinido,,False
535231,2025-11-19T00:00:00Z,2025-11-19,00:00,30,SCHEDULED,REGULAR_SEASON,1767,Grêmio FBPA,4245,EC Juventude,,,,Indefinido,,False
535232,2025-11-19T00:00:00Z,2025-11-19,00:00,30,SCHEDULED,REGULAR_SEASON,1782,EC Vitória,1779,SC Corinthians Paulista,,,,Indefinido,,False
535233,2025-11-19T00:00:00Z,2025-11-19,00:00,30,SCHEDULED,REGULAR_SEASON,3984,Fortaleza EC,1783,CR Flamengo,,,,Indefinido,,False
535234,2025-11-19T00:00:00Z,2025-11-19,00:00,30,SCHEDULED,REGULAR_SEASON,1778,SC Recife,4364,Mirassol FC,,,,Indefinido,,False
535235,2025-11-22T00:00:00Z,2025-11-22,00:00,31,SCHEDULED,REGULAR_SEASON,1783,CR Flamengo,1778,SC Recife,,,,Indefinido,,False
535236,2025-11-22T00:00:00Z,2025-11-22,00:00,31,SCHEDULED,REGULAR_SEASON,1780,CR Vasco da Gama,1776,São Paulo FC,,,,Indefinido,,False
535237,2025-11-22T00:00:00Z,2025-11-22,00:00,31,SCHEDULED,REGULAR_SEASON,1779,SC Corinthians Paulista,1767,Grêmio FBPA,,,,Indefinido,,False
535238,2025-11-22T00:00:00Z,2025-11-22,00:00,31,SCHEDULED,REGULAR_SEASON,6685,Santos FC,3984,Fortaleza EC,,,,Indefinido,,False
535239,2025-11-22T00:00:00Z,2025-11-22,00:00,31,SCHEDULED,REGULAR_SEASON,4364,Mirassol FC,1770,Botafogo FR,,,,Indefinido,,False
535240,2025-11-22T00:00:00Z,2025-11-22,00:00,31,SCHEDULED,REGULAR_SEASON,1771,Cruzeiro EC,1782,EC Vitória,,,,Indefinido,,False
535241,2025-11-22T00:00:00Z,2025-11-22,00:00,31,SCHEDULED,REGULAR_SEASON,6684,SC Internacional,1766,CA Mineiro,,,,Indefinido,,False
535242,2025-11-22T00:00:00Z,2025-11-22,00:00,31,SCHEDULED,REGULAR_SEASON,1777,EC Bahia,4286,RB Bragantino,,,,Indefinido,,False
535243,2025-11-22T00:00:00Z,2025-11-22,00:00,31,SCHEDULED,REGULAR_SEASON,1837,Ceará SC,1765,Fluminense FC,,,,Indefinido,,False
535244,2025-11-22T00:00:00Z,2025-11-22,00:00,31,SCHEDULED,REGULAR_SEASON,4245,EC Juventude,1769,SE Palmeiras,,,,Indefinido,,False
535245,2025-11-29T00:00:00Z,2025-11-29,00:00,32,SCHEDULED,REGULAR_SEASON,1765,Fluminense FC,4364,Mirassol FC,,,,Indefinido,,False
535246,2025-11-29T00:00:00Z,2025-11-29,00:00,32,SCHEDULED,REGULAR_SEASON,1770,Botafogo FR,1780,CR Vasco da Gama,,,,Indefinido,,False
535247,2025-11-29T00:00:00Z,2025-11-29,00:00,32,SCHEDULED,REGULAR_SEASON,1769,SE Palmeiras,6685,Santos FC,,,,Indefinido,,False
535248,2025-11-29T00:00:00Z,2025-11-29,00:00,32,SCHEDULED,REGULAR_SEASON,1776,São Paulo FC,1783,CR Flamengo,,,,Indefinido,,False
535249,2025-11-29T00:00:00Z,2025-11-29,00:00,32,SCHEDULED,REGULAR_SEASON,4286,RB Bragantino,1779,SC Corinthians Paulista,,,,Indefinido,,False
535250,2025-11-29T00:00:00Z,2025-11-29,00:00,32,SCHEDULED,REGULAR_SEASON,1766,CA Mineiro,1777,EC Bahia,,,,Indefinido,,False
535251,2025-11-29T00:00:00Z,2025-11-29,00:00,32,SCHEDULED,REGULAR_SEASON,1767,Grêmio FBPA,1771,Cruzeiro EC,,,,Indefinido,,False
535252,2025-11-29T00:00:00Z,2025-11-29,00:00,32,SCHEDULED,REGULAR_SEASON,1782,EC Vitória,6684,SC Internacional,,,,Indefinido,,False
535253,2025-11-29T00:00:00Z,2025-11-29,00:00,32,SCHEDULED,REGULAR_SEASON,1837,Ceará SC,3984,Fortaleza EC,,,,Indefinido,,False
535254,2025-11-29T00:00:00Z,2025-11-29,00:00,32,SCHEDULED,REGULAR_SEASON,1778,SC Recife,4245,EC Juventude,,,,Indefinido,,False
535255,2025-12-03T00:00:00Z,2025-12-03,00:00,33,SCHEDULED,REGULAR_SEASON,1783,CR Flamengo,6685,Santos FC,,,,Indefinido,,False
535256,2025-12-03T00:00:00Z,2025-12-03,00:00,33,SCHEDULED,REGULAR_SEASON,1780,CR Vasco da Gama,4245,EC Juventude,,,,Indefinido,,False
535257,2025-12-03T00:00:00Z,2025-12-03,00:00,33,SCHEDULED,REGULAR_SEASON,1779,SC Corinthians Paulista,1837,Ceará SC,,,,Indefinido,,False
535258,2025-12-03T00:00:00Z,2025-12-03,00:00,33,SCHEDULED,REGULAR_SEASON,1776,São Paulo FC,4286,RB Bragantino,,,,Indefinido,,False
535259,2025-12-03T00:00:00Z,2025-12-03,00:00,33,SCHEDULED,REGULAR_SEASON,4364,Mirassol FC,1769,SE Palmeiras,,,,Indefinido,,False
535260,2025-12-03T00:00:00Z,2025-12-03,00:00,33,SCHEDULED,REGULAR_SEASON,1771,Cruzeiro EC,1765,Fluminense FC,,,,Indefinido,,False
535261,2025-12-03T00:00:00Z,2025-12-03,00:00,33,SCHEDULED,REGULAR_SEASON,6684,SC Internacional,1777,EC Bahia,,,,Indefinido,,False
535262,2025-12-03T00:00:00Z,2025-12-03,00:00,33,SCHEDULED,REGULAR_SEASON,1782,EC Vitória,1770,Botafogo FR,,,,Indefinido,,False
535263,2025-12-03T00:00:00Z,2025-12-03,00:00,33,SCHEDULED,REGULAR_SEASON,3984,Fortaleza EC,1767,Grêmio FBPA,,,,Indefinido,,False
535264,2025-12-03T00:00:00Z,2025-12-03,00:00,33,SCHEDULED,REGULAR_SEASON,1778,SC Recife,1766,CA Mineiro,,,,Indefinido,,False
535265,2025-12-06T00:00:00Z,2025-12-06,00:00,34,SCHEDULED,REGULAR_SEASON,1765,Fluminense FC,1783,CR Flamengo,,,,Indefinido,,False
535266,2025-12-06T00:00:00Z,2025-12-06,00:00,34,SCHEDULED,REGULAR_SEASON,1770,Botafogo FR,1778,SC Recife,,,,Indefinido,,False
535267,2025-12-06T00:00:00Z,2025-12-06,00:00,34,SCHEDULED,REGULAR_SEASON,1779,SC Corinthians Paulista,1776,São Paulo FC,,,,Indefinido,,False
535268,2025-12-06T00:00:00Z,2025-12-06,00:00,34,SCHEDULED,REGULAR_SEASON,6685,Santos FC,4364,Mirassol FC,,,,Indefinido,,False
535269,2025-12-06T00:00:00Z,2025-12-06,00:00,34,SCHEDULED,REGULAR_SEASON,4286,RB Bragantino,1782,EC Vitória,,,,Indefinido,,False
535270,2025-12-06T00:00:00Z,2025-12-06,00:00,34,SCHEDULED,REGULAR_SEASON,1766,CA Mineiro,1769,SE Palmeiras,,,,Indefinido,,False
535271,2025-12-06T00:00:00Z,2025-12-06,00:00,34,SCHEDULED,REGULAR_SEASON,1767,Grêmio FBPA,1780,CR Vasco da Gama,,,,Indefinido,,False
535272,2025-12-06T00:00:00Z,2025-12-06,00:00,34,SCHEDULED,REGULAR_SEASON,1777,EC Bahia,3984,Fortaleza EC,,,,Indefinido,,False
535273,2025-12-06T00:00:00Z,2025-12-06,00:00,34,SCHEDULED,REGULAR_SEASON,1837,Ceará SC,6684,SC Internacional,,,,Indefinido,,False
535274,2025-12-06T00:00:00Z,2025-12-06,00:00,34,SCHEDULED,REGULAR_SEASON,4245,EC Juventude,1771,Cruzeiro EC,,,,Indefinido,,False
535275,2025-12-10T00:00:00Z,2025-12-10,00:00,35,SCHEDULED,REGULAR_SEASON,1783,CR Flamengo,4286,RB Bragantino,,,,Indefinido,,False
535276,2025-12-10T00:00:00Z,2025-12-10,00:00,35,SCHEDULED,REGULAR_SEASON,1770,Botafogo FR,1767,Grêmio FBPA,,,,Indefinido,,False
535277,2025-12-10T00:00:00Z,2025-12-10,00:00,35,SCHEDULED,REGULAR_SEASON,1769,SE Palmeiras,1765,Fluminense FC,,,,Indefinido,,False
535278,2025-12-10T00:00:00Z,2025-12-10,00:00,35,SCHEDULED,REGULAR_SEASON,1776,São Paulo FC,4245,EC Juventude,,,,Indefinido,,False
535279,2025-12-10T00:00:00Z,2025-12-10,00:00,35,SCHEDULED,REGULAR_SEASON,4364,Mirassol FC,1837,Ceará SC,,,,Indefinido,,False
535280,2025-12-10T00:00:00Z,2025-12-10,00:00,35,SCHEDULED,REGULAR_SEASON,1771,Cruzeiro EC,1779,SC Corinthians Paulista,,,,Indefinido,,False
535281,2025-12-10T00:00:00Z,2025-12-10,00:00,35,SCHEDULED,REGULAR_SEASON,6684,SC Internacional,6685,Santos FC,,,,Indefinido,,False
535282,2025-12-10T00:00:00Z,2025-12-10,00:00,35,SCHEDULED,REGULAR_SEASON,1777,EC Bahia,1780,CR Vasco da Gama,,,,Indefinido,,False
535283,2025-12-10T00:00:00Z,2025-12-10,00:00,35,SCHEDULED,REGULAR_SEASON,3984,Fortaleza EC,1766,CA Mineiro,,,,Indefinido,,False
535284,2025-12-10T00:00:00Z,2025-12-10,00:00,35,SCHEDULED,REGULAR_SEASON,1778,SC Recife,1782,EC Vitória,,,,Indefinido,,False
535285,2025-12-13T00:00:00Z,2025-12-13,00:00,36,SCHEDULED,REGULAR_SEASON,1765,Fluminense FC,1776,São Paulo FC,,,,Indefinido,,False
535286,2025-12-13T00:00:00Z,2025-12-13,00:00,36,SCHEDULED,REGULAR_SEASON,1780,CR Vasco da Gama,6684,SC Internacional,,,,Indefinido,,False
535287,2025-12-13T00:00:00Z,2025-12-13,00:00,36,SCHEDULED,REGULAR_SEASON,1779,SC Corinthians Paulista,1770,Botafogo FR,,,,Indefinido,,False
535288,2025-12-13T00:00:00Z,2025-12-13,00:00,36,SCHEDULED,REGULAR_SEASON,6685,Santos FC,1778,SC Recife,,,,Indefinido,,False
535289,2025-12-13T00:00:00Z,2025-12-13,00:00,36,SCHEDULED,REGULAR_SEASON,4286,RB Bragantino,3984,Fortaleza EC,,,,Indefinido,,False
535290,2025-12-13T00:00:00Z,2025-12-13,00:00,36,SCHEDULED,REGULAR_SEASON,1766,CA Mineiro,1783,CR Flamengo,,,,Indefinido,,False
535291,2025-12-13T00:00:00Z,2025-12-13,00:00,36,SCHEDULED,REGULAR_SEASON,1767,Grêmio FBPA,1769,SE Palmeiras,,,,Indefinido,,False
535292,2025-12-13T00:00:00Z,2025-12-13,00:00,36,SCHEDULED,REGULAR_SEASON,1782,EC Vitória,4364,Mirassol FC,,,,Indefinido,,False
535293,2025-12-13T00:00:00Z,2025-12-13,00:00,36,SCHEDULED,REGULAR_SEASON,1837,Ceará SC,1771,Cruzeiro EC,,,,Indefinido,,False
535294,2025-12-13T00:00:00Z,2025-12-13,00:00,36,SCHEDULED,REGULAR_SEASON,4245,EC Juventude,1777,EC Bahia,,,,Indefinido,,False
535295,2025-12-17T00:00:00Z,2025-12-17,00:00,37,SCHEDULED,REGULAR_SEASON,1783,CR Flamengo,1837,Ceará SC,,,,Indefinido,,False
535296,2025-12-17T00:00:00Z,2025-12-17,00:00,37,SCHEDULED,REGULAR_SEASON,1780,CR Vasco da Gama,4364,Mirassol FC,,,,Indefinido,,False
535297,2025-12-17T00:00:00Z,2025-12-17,00:00,37,SCHEDULED,REGULAR_SEASON,1769,SE Palmeiras,1782,EC Vitória,,,,Indefinido,,False
535298,2025-12-17T00:00:00Z,2025-12-17,00:00,37,SCHEDULED,REGULAR_SEASON,1776,São Paulo FC,6684,SC Internacional,,,,Indefinido,,False
535299,2025-12-17T00:00:00Z,2025-12-17,00:00,37,SCHEDULED,REGULAR_SEASON,4286,RB Bragantino,1766,CA Mineiro,,,,Indefinido,,False
535300,2025-12-17T00:00:00Z,2025-12-17,00:00,37,SCHEDULED,REGULAR_SEASON,1771,Cruzeiro EC,1770,Botafogo FR,,,,Indefinido,,False
535301,2025-12-17T00:00:00Z,2025-12-17,00:00,37,SCHEDULED,REGULAR_SEASON,1767,Grêmio FBPA,1765,Fluminense FC,,,,Indefinido,,False
535302,2025-12-17T00:00:00Z,2025-12-17,00:00,37,SCHEDULED,REGULAR_SEASON,1777,EC Bahia,1778,SC Recife,,,,Indefinido,,False
535303,2025-12-17T00:00:00Z,2025-12-17,00:00,37,SCHEDULED,REGULAR_SEASON,3984,Fortaleza EC,1779,SC Corinthians Paulista,,,,Indefinido,,False
535304,2025-12-17T00:00:00Z,2025-12-17,00:00,37,SCHEDULED,REGULAR_SEASON,4245,EC Juventude,6685,Santos FC,,,,Indefinido,,False
535305,2025-12-21T00:00:00Z,2025-12-21,00:00,38,SCHEDULED,REGULAR_SEASON,1765,Fluminense FC,1777,EC Bahia,,,,Indefinido,,False
535306,2025-12-21T00:00:00Z,2025-12-21,00:00,38,SCHEDULED,REGULAR_SEASON,1770,Botafogo FR,3984,Fortaleza EC,,,,Indefinido,,False
535307,2025-12-21T00:00:00Z,2025-12-21,00:00,38,SCHEDULED,REGULAR_SEASON,1779,SC Corinthians Paulista,4245,EC Juventude,,,,Indefinido,,False
535308,2025-12-21T00:00:00Z,2025-12-21,00:00,38,SCHEDULED,REGULAR_SEASON,6685,Santos FC,1771,Cruzeiro EC,,,,Indefinido,,False
535309,2025-12-21T00:00:00Z,2025-12-21,00:00,38,SCHEDULED,REGULAR_SEASON,4364,Mirassol FC,1783,CR Flamengo,,,,Indefinido,,False
535310,2025-12-21T00:00:00Z,2025-12-21,00:00,38,SCHEDULED,REGULAR_SEASON,1766,CA Mineiro,1780,CR Vasco da Gama,,,,Indefinido,,False
535311,2025-12-21T00:00:00Z,2025-12-21,00:00,38,SCHEDULED,REGULAR_SEASON,6684,SC Internacional,4286,RB Bragantino,,,,Indefinido,,False
535312,2025-12-21T00:00:00Z,2025-12-21,00:00,38,SCHEDULED,REGULAR_SEASON,1782,EC Vitória,1776,São Paulo FC,,,,Indefinido,,False
535313,2025-12-21T00:00:00Z,2025-12-21,00:00,38,SCHEDULED,REGULAR_SEASON,1837,Ceará SC,1769,SE Palmeiras,,,,Indefinido,,False
535314,2025-12-21T00:00:00Z,2025-12-21,00:00,38,SCHEDULED,REGULAR_SEASON,1778,SC Recife,1767,Grêmio FBPA,,,,Indefinido,,False
